{
  "schema": 2,
  "app": "superposition-sequencer",
  "circuit": {
    "num_qubits": 4,
    "num_steps": 4,
    "gates": [
      {
        "gate": "ry",
        "qubit": 0,
        "step": 0,
        "params": {
          "theta": 0.7953988301841435
        }
      },
      {
        "gate": "ry",
        "qubit": 1,
        "step": 0,
        "params": {
          "theta": 1.3694384060045657
        }
      },
      {
        "gate": "ry",
        "qubit": 2,
        "step": 0,
        "params": {
          "theta": 1.6709637479564563
        }
      },
      {
        "gate": "ry",
        "qubit": 3,
        "step": 0,
        "params": {
          "theta": 2.0943951023931957
        }
      }
    ]
  },
  "steps": {
    "0": {
      "backend": "ionq_qpu.forte_enterprise_1",
      "shots": 1024,
      "memory": [
        "1100",
        "1100",
        "1110",
        "1110",
        "0000",
        "1101",
        "1111",
        "1100",
        "1010",
        "1000",
        "1100",
        "1001",
        "1110",
        "0100",
        "1110",
        "1110",
        "1001",
        "1100",
        "1110",
        "1110",
        "1010",
        "1110",
        "0100",
        "0000",
        "1101",
        "0100",
        "1000",
        "1110",
        "1000",
        "1110",
        "1100",
        "0100",
        "1010",
        "1100",
        "1101",
        "0100",
        "1010",
        "0000",
        "1100",
        "0000",
        "0010",
        "1010",
        "0111",
        "0000",
        "0000",
        "1000",
        "0110",
        "0110",
        "1100",
        "1100",
        "1100",
        "0010",
        "1110",
        "1010",
        "1101",
        "1110",
        "1111",
        "1010",
        "1100",
        "1000",
        "1010",
        "1100",
        "1000",
        "0000",
        "1100",
        "1101",
        "1110",
        "1000",
        "1110",
        "0100",
        "1100",
        "1010",
        "1101",
        "0111",
        "1000",
        "1010",
        "1010",
        "1101",
        "0010",
        "0100",
        "1101",
        "1011",
        "1110",
        "0100",
        "1101",
        "0000",
        "1000",
        "1100",
        "1000",
        "1100",
        "1011",
        "0000",
        "1100",
        "0100",
        "1100",
        "0100",
        "1101",
        "1101",
        "1010",
        "0010",
        "1000",
        "1110",
        "0100",
        "1011",
        "1110",
        "1010",
        "0101",
        "1000",
        "1100",
        "0100",
        "1100",
        "1110",
        "1110",
        "0100",
        "1000",
        "1000",
        "0100",
        "1100",
        "0010",
        "0010",
        "1101",
        "1100",
        "0010",
        "1101",
        "1100",
        "0010",
        "1010",
        "1110",
        "1100",
        "1100",
        "1110",
        "1010",
        "0100",
        "0110",
        "1000",
        "1010",
        "0110",
        "0100",
        "1110",
        "1010",
        "0100",
        "1101",
        "0011",
        "1111",
        "0000",
        "0100",
        "1011",
        "1100",
        "1010",
        "1000",
        "1100",
        "1001",
        "1011",
        "1001",
        "1110",
        "1100",
        "1010",
        "1010",
        "0000",
        "1000",
        "1000",
        "1110",
        "1000",
        "1000",
        "1110",
        "1101",
        "1010",
        "1100",
        "0000",
        "0010",
        "1100",
        "1101",
        "0100",
        "0110",
        "1111",
        "1000",
        "0000",
        "1100",
        "1010",
        "1010",
        "1100",
        "0001",
        "1010",
        "1100",
        "1100",
        "1110",
        "0011",
        "1100",
        "1101",
        "0000",
        "1010",
        "0111",
        "1010",
        "1100",
        "1100",
        "1010",
        "0000",
        "1101",
        "1110",
        "0000",
        "1000",
        "1000",
        "0101",
        "1101",
        "1110",
        "1000",
        "1010",
        "1100",
        "0000",
        "1100",
        "1100",
        "1110",
        "1010",
        "1110",
        "1000",
        "1000",
        "1110",
        "0000",
        "1100",
        "0110",
        "1100",
        "1111",
        "1000",
        "1000",
        "0110",
        "1101",
        "1111",
        "0110",
        "1100",
        "1110",
        "1100",
        "0101",
        "1100",
        "1000",
        "1000",
        "1011",
        "1100",
        "1000",
        "1000",
        "1110",
        "1100",
        "1100",
        "1000",
        "0000",
        "1100",
        "1101",
        "0000",
        "1000",
        "0001",
        "0100",
        "1101",
        "0010",
        "1101",
        "1100",
        "1010",
        "0100",
        "1110",
        "0100",
        "1100",
        "1100",
        "1010",
        "1100",
        "1000",
        "0110",
        "1100",
        "1100",
        "1100",
        "0110",
        "0110",
        "1110",
        "1110",
        "1100",
        "1110",
        "1110",
        "1000",
        "0100",
        "1101",
        "1001",
        "1010",
        "1010",
        "1110",
        "1010",
        "1110",
        "1100",
        "1010",
        "1000",
        "1100",
        "1100",
        "0110",
        "1010",
        "1000",
        "1000",
        "1000",
        "1100",
        "1010",
        "1010",
        "1110",
        "1010",
        "0100",
        "1100",
        "1000",
        "1010",
        "1100",
        "0010",
        "1001",
        "1100",
        "1010",
        "1000",
        "1100",
        "1000",
        "1000",
        "1100",
        "0100",
        "0000",
        "1100",
        "0110",
        "1100",
        "1000",
        "1000",
        "1100",
        "1101",
        "0100",
        "0010",
        "1000",
        "1100",
        "1100",
        "1000",
        "1010",
        "1100",
        "1110",
        "1111",
        "0100",
        "0110",
        "1111",
        "1111",
        "1000",
        "0000",
        "1000",
        "0010",
        "1011",
        "0000",
        "1110",
        "0110",
        "1000",
        "1110",
        "1000",
        "1100",
        "1000",
        "1100",
        "1010",
        "1010",
        "1110",
        "1110",
        "1100",
        "1010",
        "1010",
        "1100",
        "0110",
        "0101",
        "1101",
        "1101",
        "1100",
        "1100",
        "1101",
        "1101",
        "0100",
        "1001",
        "0110",
        "0100",
        "0101",
        "1111",
        "1110",
        "1011",
        "1100",
        "0100",
        "1111",
        "1110",
        "1110",
        "1110",
        "1111",
        "1000",
        "1100",
        "0100",
        "1111",
        "1010",
        "1100",
        "0000",
        "0000",
        "1001",
        "1000",
        "1010",
        "1100",
        "0000",
        "1110",
        "1110",
        "1000",
        "1110",
        "1110",
        "1000",
        "1000",
        "1000",
        "1000",
        "1000",
        "0100",
        "1101",
        "1100",
        "1000",
        "1000",
        "1010",
        "1000",
        "1110",
        "0100",
        "1110",
        "0110",
        "1110",
        "1000",
        "1100",
        "1110",
        "1100",
        "1000",
        "1000",
        "1100",
        "1100",
        "1000",
        "1000",
        "1100",
        "1100",
        "1010",
        "0110",
        "1100",
        "1100",
        "1110",
        "0000",
        "1110",
        "1110",
        "0010",
        "1000",
        "1010",
        "1010",
        "1111",
        "1010",
        "0101",
        "1110",
        "1010",
        "1000",
        "1110",
        "1010",
        "1111",
